Feature,Importance
team_performance_lastgp,0.0
air_temp_forecast,0.0
track_temp_forecast,0.0
rain_proba_forecast,0.0
TeamName,0.0034100494526490516
is_incident_quali,0.005444440988806685
topspeed_kmh_qualif,0.017456822558801235
Abbreviation,0.020537329269855197
last_qualif_pos,0.07538007783175704
qualif_pos,0.08502327217368907
GapFromPole_pct,0.14345786986373837
constructor_pos,0.6492901378607033
