Feature,Importance
is_incident_quali,0.0
rain_proba_forecast,0.0
track_temp_forecast,0.0006424253011576751
air_temp_forecast,0.0017907548220363323
TeamName,0.010086453307009077
team_performance_lastgp,0.018715004095289027
topspeed_kmh_qualif,0.022212935030205418
last_qualif_pos,0.027813507730368215
Abbreviation,0.07059195251165458
qualif_pos,0.079479422105321
constructor_pos,0.09831689606888339
GapFromPole_pct,0.6703506490280753
